code	product	fw	arch	key	sha	size	src	url
RD03	Xiaomi AX3000T (CN)	1.0.98	ARM64 (aarch64)	YES	7538c7488b3c78cafc89495e926cc358c971bfaacc228cffec94835595ca8a24	78193	Xiaomi CDN	https://cdn.cnbj1.fds.api.mi-img.com/xiaoqiang/rom/rd03/miwifi_rd03_firmware_48abd_1.0.98.bin
RD23	Xiaomi AX3000T (International)	1.0.91_INT	ARM64 (aarch64)	YES	38e08797d614d40459877df3a797f49dc75e8a7c74f0ab08a36bd1a5d15fe401	78193	public dump	https://github.com/bakabtw/miwifi_rd23_firmware
RD15	Xiaomi BE3600 2.5G	1.0.87	ARM32 (EABI5)	YES	d053cd869e3ac8727f36199fce1a06734a4196157d69c88d936d41e3a7b1a591	61657	Xiaomi CDN	https://cdn.cnbj1.fds.api.mi-img.com/xiaoqiang/rom/rd15/miwifi_rd15_firmware_0321a_1.0.87.bin
RD16	Xiaomi BE3600	1.0.41	ARM32 (EABI5)	YES	d053cd869e3ac8727f36199fce1a06734a4196157d69c88d936d41e3a7b1a591	61657	Xiaomi CDN	https://cdn.cnbj1.fds.api.mi-img.com/xiaoqiang/rom/rd16/miwifi_rd16_firmware_66d5e_1.0.41.bin
RD18	Xiaomi BE5000	1.0.91	ARM32 (EABI5)	YES	af6e619c54c07c32d5ea8347c8980169d69862a2f028bc781d0f2b078bacc25c	61657	Xiaomi CDN	https://cdn.cnbj1.fds.api.mi-img.com/xiaoqiang/rom/rd18/miwifi_rd18_firmware_05f43_1.0.91.bin
RD08	Xiaomi BE6500 Pro	1.1.96	ARM64 (aarch64)	YES	7515cdaa1cc17ed7dc8c68a4dbd9ba6a318bac01f07a69e6a0003f4391f888b5	82289	Xiaomi CDN	https://cdn.cnbj1.fds.api.mi-img.com/xiaoqiang/rom/rd08/miwifi_rd08_firmware_708c2_1.1.96.bin
RC06	Xiaomi BE7000	1.1.38	ARM64 (aarch64)	YES	855b4a1feb478e7c0902b21782906647929de70e9216f701541077aa8fcf19b5	74097	Xiaomi CDN	https://cdn.cnbj1.fds.api.mi-img.com/xiaoqiang/rom/rc06/miwifi_rc06_firmware_65d1d_1.1.38.bin
RC01	Xiaomi Router BE10000	1.1.56	ARM64 (aarch64)	YES	855b4a1feb478e7c0902b21782906647929de70e9216f701541077aa8fcf19b5	74097	Xiaomi CDN	https://cdn.cnbj1.fds.api.mi-img.com/xiaoqiang/rom/rc01/miwifi_rc01_firmware_5a1e1_1.1.56.bin
RN02	Xiaomi BE6500	1.0.42	ARM32 (EABI5)	YES	e56411092ee9bff2ebe11246d5d69d071df8fcd1599b6cd2645c0d3901561d4a	61657	Xiaomi CDN	http://cdn.cnbj1.fds.api.mi-img.com/xiaoqiang/rom/rn02/miwifi_rn02_firmware_b5e76_1.0.42.bin
RD05	Mi Router 4A Gigabit Ed.	(dump)	MIPS32el	YES	0565ff99854d3b3ef3bbfb715d8b089f9bb57c5d226a4e329734c25be34e717a	74979	public dump	https://github.com/bakabtw/miwifi_rd05_firmware
RD13	Xiaomi Mesh System AC1200	-	-	NO PUBLIC IMAGE	-	-	-	-
RD01	Xiaomi (RD01)	1.0.31	ARM32 (EABI5)	YES	277df051dffc0f6b01b5f077d8a84ba98ee4c03e4148c92e070969d321f29ee8	62904	Xiaomi CDN	https://cdn.cnbj1.fds.api.mi-img.com/xiaoqiang/rom/rd01/miwifi_rd01_firmware_fb4e9_1.0.31.bin
RD02	Xiaomi (RD02)	1.0.23	ARM32 (EABI5)	YES	277df051dffc0f6b01b5f077d8a84ba98ee4c03e4148c92e070969d321f29ee8	62904	Xiaomi CDN	https://cdn.cnbj1.fds.api.mi-img.com/xiaoqiang/rom/rd02/miwifi_rd02_firmware_eaf51_1.0.23.bin
RB01	Xiaomi AX3200	1.0.83_INT	ARM64 (aarch64)	YES	40637c8250e5a1cb76ee821a49e318cd7fba504b3565f8865abd20a60e25fdce	71784	Xiaomi CDN (eu.bigota)	https://eu.bigota.miwifi.com/xiaoqiang/rom/rb01/miwifi_rb01_firmware_d8243_1.0.83_INT.bin
RB03	Redmi AX6S	1.0.57	ARM64 (aarch64)	YES	40637c8250e5a1cb76ee821a49e318cd7fba504b3565f8865abd20a60e25fdce	71784	Xiaomi CDN	https://cdn.cnbj1.fds.api.mi-img.com/xiaoqiang/rom/rb03/miwifi_rb03_firmware_83db5_1.0.57.bin
RB04	Xiaomi (RB04)	1.0.95	ARM32 (EABI5)	YES	1c5fce20ce5981bcf1c91a2f9cb3e4f113c6edad9c4651fe3c245c7b86c00962	62904	Xiaomi CDN	https://cdn.cnbj1.fds.api.mi-img.com/xiaoqiang/rom/rb04/miwifi_rb04_firmware_aaf56_1.0.95.bin
RB06	Redmi AX6000	1.0.67	ARM64 (aarch64)	YES	10101dcfad7f33c123765d3a6302ab9160c7fe705880a8617d147a7a0f1251ed	74097	Xiaomi CDN	https://cdn.cnbj1.fds.api.mi-img.com/xiaoqiang/rom/rb06/miwifi_rb06_firmware_de54d_1.0.67.bin
RB08	Xiaomi (RB08)	1.0.75	ARM32 (EABI5)	YES	bbc66409bba6d1ce2b846e13b5c2c2661c4dbc1404c027b5f78d8518d1d4032f	67000	Xiaomi CDN	https://cdn.cnbj1.fds.api.mi-img.com/xiaoqiang/rom/rb08/miwifi_rb08_firmware_295c6_1.0.75.bin
RA67	Redmi AX5	1.0.105	ARM32 (EABI5)	YES	805bc8018d2950fa94362139a0d83eddba0add904c87c6480d25e1d904a349bb	62904	Xiaomi CDN	https://cdn.cnbj1.fds.api.mi-img.com/xiaoqiang/rom/ra67/miwifi_ra67_firmware_59980_1.0.105.bin
RA69	Redmi AX6	1.1.17	ARM64 (aarch64)	YES	5b3fc6e8d496d087ab60f8e41a24cea2f3f6193f6a58c7ba396f1b91346c2c69	63512	Xiaomi CDN	https://cdn.cnbj1.fds.api.mi-img.com/xiaoqiang/rom/ra69/miwifi_ra69_firmware_6a8dd_1.1.17.bin
RA70	Xiaomi AX9000	1.0.168	ARM64 (aarch64)	YES	2ca21e2f9b3f2cd654c9b9ed5e36d88fa65d9a56f1ee3bcd956ee195e54b6e17	63504	Xiaomi CDN	https://cdn.cnbj1.fds.api.mi-img.com/xiaoqiang/rom/ra70/miwifi_ra70_firmware_cc424_1.0.168.bin
RA71	Redmi AX1800	1.0.93	MIPS32el	YES	09786328a21404ab8ab7097d33218775286de10bbf88750a04592a7ca899d159	70791	Xiaomi CDN	https://cdn.cnbj1.fds.api.mi-img.com/xiaoqiang/rom/ra71/miwifi_ra71_firmware_f91f7_1.0.93.bin
RA72	Xiaomi AX6000	1.0.122	ARM64 (aarch64)	YES	c2d21369614f1d8acc14fd3a80cebae98697e624bba8a177ddb5ed37c647888e	63512	Xiaomi CDN	https://cdn.cnbj1.fds.api.mi-img.com/xiaoqiang/rom/ra72/miwifi_ra72_firmware_87010_1.0.122.bin
RA74	Redmi AX5400	1.0.63	ARM64 (aarch64)	YES	c2d21369614f1d8acc14fd3a80cebae98697e624bba8a177ddb5ed37c647888e	63512	Xiaomi CDN	https://cdn.cnbj1.fds.api.mi-img.com/xiaoqiang/rom/ra74/miwifi_ra74_firmware_7937d_1.0.63.bin
RA80	Xiaomi AX3000	1.0.58	ARM32 (EABI5)	YES	67e3a431b892a964c39828f2dd08fe73b4856892050fa6121ecc8ee9129d8793	67000	Xiaomi CDN	https://cdn.cnbj1.fds.api.mi-img.com/xiaoqiang/rom/ra80/miwifi_ra80_firmware_424a8_1.0.58.bin
RA81	Redmi AX3000	1.0.68	ARM32 (EABI5)	YES	67e3a431b892a964c39828f2dd08fe73b4856892050fa6121ecc8ee9129d8793	67000	Xiaomi CDN	https://cdn.cnbj1.fds.api.mi-img.com/xiaoqiang/rom/ra81/miwifi_ra81_firmware_0c1ca_1.0.68.bin
RA82	Xiaomi Mesh System AX3000	1.4.31_INT	ARM32 (EABI5)	YES	388e143875070f3b8a4195836ef744970ac82bcd0d9a38288cf7d9d99b128db9	62904	Xiaomi CDN	https://cdn.awsde0-fusion.fds.api.mi-img.com/xiaoqiang/rom/ra82/miwifi_ra82_firmware_db06e_1.4.31_INT.bin
RM1800	Redmi AX1800 (RM1800)	1.0.399	ARM32 (EABI5)	YES	805bc8018d2950fa94362139a0d83eddba0add904c87c6480d25e1d904a349bb	62904	Xiaomi CDN	https://cdn.cnbj1.fds.api.mi-img.com/xiaoqiang/rom/rm1800/miwifi_rm1800_firmware_33344_1.0.399.bin
R3600	Xiaomi AIoT Router AX3600	1.1.25	ARM64 (aarch64)	YES	5b3fc6e8d496d087ab60f8e41a24cea2f3f6193f6a58c7ba396f1b91346c2c69	63512	Xiaomi CDN	https://cdn.cnbj1.fds.api.mi-img.com/xiaoqiang/rom/r3600/miwifi_r3600_firmware_79ecc_1.1.25.bin
